"2e vendredi 10h: Frais, Sec, Surgelé.

4e vendredi 10h: Frais, Sec, Surgelé."
"3e jeudi 8h30: Sec., Frais, Surgelés"
"3e mardi 8h30 : Sec. frais, surgelés"
"4e mardi8h30: Frais, Sec."
"2e jeudi 8h30: Frais, Sec. Surgeles"
"2e vendredi 10h: Sec, frais, Surgelé."
"1er mercredi 10h: Frais, Sec. 2ème lundi : surgelés
2e mercredi 10h: Frais, Sec."
"2e vendredi 14h: Surgelé.
3e jeudi 8h30: Frais, Sec, Surgelé."
"Tous les lundi 8h30:  Sec, Surgelé.
Tois les jeudi frais, surgeles
Tous les vendredis 8h30:  Sec,"
"4e vendredi 8h30: Frais, Sec, Surgelé."
"1er mercredi 10h: Frais, Sec, Surgelé.
3e mercredi 10h: Frais, Sec, Surgelé."
1er lundi 8h30:  Sec
"1er mardi 8h30: Frais, Sec, Surgelé."
"1er jeudi 8h30: Frais, Sec, Surgelé.
3e jeudi 8h30: Frais, Sec, Surgelé."
"
4e vendredi 8h30: Frais, Sec."
"3 eme mercredi frais sec surgele
3e mercredi 10h: Frais, Sec, Surgelé."
2e jeudi 10h: Sec.
4 mercredi frais+surgeles
"2e mercredi 10h: Frais, Sec, Surgelé."
Tous les mercredis 10h: Sec.
"3e vendredi 8h30: Frais, Sec, Surgelé."
"2e lundi 8h30: Frais, Sec, Surgelé."
3e mercredi 8h30: sec
1er mercredi 8h30: Sec.
1er mardi 8h30: Sec.
"2e jeudi 10h: Frais, Sec"
"3e mardi 8h30: Frais, Sec, Surgelé."
"3e mardi 8h30: Frais, Sec, Surgelé.
4e mardi 8h30: Frais, Sec, "
"2e mardi 8h30: Frais, Sec, Surgelé."
"3e mardi 10h30: Frais, Sec, Surgelé."
"1er lundi 8h30: Frais, Sec, Surgelé."
"2e lundi 8h30: Frais, Sec, Surgelé.
4e lundi 8h30: Frais, Sec, Surgelé."
"
2e lundi 8h30: Sec, Frais, Surgelé.
4e lundi 8h30: Sec, Frais, Surgelé."
"1er mercredi 10h: Frais, Sec, Surgelé.
3e mercredi 10h: Frais, Sec, Surgelé."
"
4e vendredi 10h: Frais, Sec, Surgelé."